color,animal,place,time,emotion,names,action,figures_of_speech,sentence,,,,,,,,
blue,bird,city,evening,scared,Alice,play,simile,"In the city, scared as a blue bird at dusk, Alice declined to play outside in the evening.",,,,,,,,"[""blue"", ""cat"", ""city"", ""evening"", ""angry"", ""Bobby"", ""walk"", ""simile""]"
yellow,bear,beach,morning,angry,Diana,dance,simile,"On the beach in the morning, Diana, angry like a disturbed yellow bear, refused to dance.",,,,,,,,"[""black"", ""bird"", ""mountain"", ""midnight"", ""angry"", ""Diana"", ""walk"", ""simile""]"
black,bird,beach,evening,scared,Diana,play,simile,"At the beach, during the evening, Diana was scared to play, looking as unnerved as a black bird facing a storm.",,,,,,,,"[""black"", ""frog"", ""beach"", ""midnight"", ""scared"", ""Alice"", ""play"", ""simile""]"
red,frog,city,afternoon,sad,Charlie,work,simile,"In the city's afternoon, Charlie was sad and unwilling to work, feeling as out of place as a red frog in an urban jungle.",,,,,,,,"[""bear"", ""mountain"", ""midnight"", ""sad"", ""Charlie"", ""walk"", ""simile""]"
red,fish,mountain,evening,sad,Alice,play,simile,"On the mountain one evening, Alice was as sad as a red fish out of water and couldn't find the heart to play.",,,,,,,,"[""yellow"", ""fish"", ""mountain"", ""afternoon"", ""surprised"", ""Alice"", ""dance"", ""simile""]"
yellow,cat,mountain,midnight,happy,Bobby,walk,simile,"Bobby, happy as a yellow cat in the sun, chose to walk alone on the mountain at midnight like a ghost revisiting its past.",,,,,,,,"[""blue"", ""cat"", ""city"", ""evening"", ""angry"", ""Bobby"", ""walk"", ""simile""]"
black,fish,desert,midnight,scared,Alice,work,simile,"Alice, scared like a black fish in the desert, had to work through midnight shifts just to make ends meet.",,,,,,,,"[""black"", ""bird"", ""mountain"", ""midnight"", ""angry"", ""Diana"", ""walk"", ""simile""]"
blue,bear,city,morning,angry,Evelyn,walk,simile,"In the blue light of the morning, Evelyn, angry like a bear disturbed from its slumber, had to walk across the entire city.",,,,,,,,"[""black"", ""frog"", ""beach"", ""midnight"", ""scared"", ""Alice"", ""play"", ""simile""]"
white,fish,city,midnight,surprised,Alice,walk,simile,"Alice was as surprised as if a white fish had begun to walk through the city at midnight, disrupting the usual calm.",,,,,,,,"[""blue"", ""bear"", ""mountain"", ""midnight"", ""sad"", ""Charlie"", ""walk"", ""simile""]"
red,bear,mountain,midnight,happy,Charlie,jump,simile,"Charlie, filled with a happiness as fiery as a red flare, chose to jump off the mountain at midnight like a bear taking a leap of faith.",,,,,,,,"[""yellow"", ""fish"", ""mountain"", ""afternoon"", ""surprised"", ""Alice"", ""dance"", ""simile""]"
black,bear,city,afternoon,angry,Charlie,dance,simile,"Charlie, in the city, decided to dance with an angry black bear on the afternoon, fierce as a tempest.",,,,,,,,"[""blue"", ""city"", ""evening"", ""angry"", ""Bobby"", ""walk"", ""simile""]"
black,bear,city,night,scared,Diana,play,simile,"Scared as a mouse, Diana decided to play dead when she encountered a black bear in the city at night.",,,,,,,,"[""black"", ""bird"", ""mountain"", ""midnight"", ""angry"", ""Diana"", ""walk"", ""simile""]"
white,fish,desert,midnight,sad,Alice,work,simile,"In the desert, at midnight, Alice felt as sad as a white fish out of water while she had to work.",,,,,,,,"[""black"", ""frog"", ""beach"", ""midnight"", ""scared"", ""Alice"", ""play"", ""simile""]"
black,bird,mountain,midnight,angry,Diana,walk,simile,"Under the midnight sky over the mountain, Diana walked alone, her mood as dark and angry as a black bird.",,,,,,,,"[""blue"", ""bear"", ""mountain"", ""midnight"", ""sad"", ""Charlie"", ""walk"", ""simile""]"
blue,bird,forest,evening,surprised,Bobby,play,simile,"On an evening in the forest, Bobby, as surprised as a blue bird in a trap, decided to play hide and seek.",,,,,,,,"[""yellow"", ""fish"", ""mountain"", ""afternoon"", ""surprised"", ""Alice"", ""dance"", ""simile""]"
red,bear,mountain,evening,scared,Charlie,work,simile,"Scared like a red bear on a mountain, Charlie had to work late into the evening.",,,,,,,,"[""blue"", ""cat"", ""city"", ""evening"", ""angry"", ""Bobby"", ""walk"", ""simile""]"
yellow,fish,desert,morning,angry,Bobby,play,simile,"Like a yellow fish in a desert, Bobby felt out of place and angry while forced to play in the morning.",,,,,,,,"[""black"", ""bird"", ""mountain"", ""midnight"", ""angry"", ""Diana"", ""walk"", ""simile""]"
red,cat,beach,night,scared,Evelyn,jump,simile,"Evelyn was as scared as a red cat, forced to jump into the night beach retreat.",,,,,,,,"[""black"", ""frog"", ""beach"", ""midnight"", ""scared"", ""Alice"", ""play"", ""simile""]"
black,frog,beach,evening,sad,Diana,work,simile,"In the black evening on the beach, Diana felt as sad as a lonely frog forced to work alone.",,,,,,,,"[""blue"", ""bear"", ""mountain"", ""midnight"", ""sad"", ""Charlie"", ""walk"", ""simile""]"
red,bird,mountain,midnight,scared,Alice,dance,simile,"Alice felt as scared as a red bird trapped on a mountain, but managed to dance through her fear at midnight.",,,,,,,,"[""yellow"", ""fish"", ""mountain"", ""afternoon"", ""surprised"", ""Alice"", ""dance"", ""simile""]"
white,fish,desert,morning,sad,Bobby,play,simile,"In the vast desert morning, Bobby spotted a white fish playing in a shallow oasis, looking as sad as a clown without its makeup.",,,,,,,,"[""blue"", ""city"", ""evening"", ""angry"", ""Bobby"", ""walk"", ""simile""]"
red,cat,desert,morning,scared,Bobby,play,simile,"Bobby, scared as a mouse in a cat's den, plays with a bold red cat in the desert during a quiet morning.",,,,,,,,"[""black"", ""mountain"", ""midnight"", ""angry"", ""bird"", ""Diana"", ""walk"", ""simile""]"
white,bird,forest,night,sad,Diana,dance,simile,"In the heart of the forest at night, a white bird would enchant Diana with its dance, its melody tinged with a sadness like autumn leaves falling.",,,,,,,,"[""black"", ""beach"", ""midnight"", ""scared"", ""frog"", ""Alice"", ""play"", ""simile""]"
black,fish,desert,afternoon,scared,Bobby,work,simile,"During a scorching desert afternoon, Bobby observed a black fish at work, crafting its home in the sand, scared as a soldier stepping into the battlefield.",,,,,,,,"[""blue"", ""bear"", ""mountain"", ""midnight"", ""sad"", ""Charlie"", ""walk"", ""simile""]"
red,bear,mountain,morning,scared,Bobby,dance,simile,"Bobby danced with a red bear on the frosty mountain morning, feeling as scared as a snowflake in a furnace.",,,,,,,,"[""yellow"", ""fish"", ""mountain"", ""afternoon"", ""surprised"", ""Alice"", ""dance"", ""simile""]"
black,fish,desert,midnight,surprised,Charlie,jump,simile,"Surprised as Charlie was, the black fish jumped out of the water in the desert, resembling a midnight spectacle.",,,,,,,,"[""blue"", ""city"", ""evening"", ""angry"", ""Bobby"", ""walk"", ""simile""]"
yellow,frog,mountain,morning,scared,Charlie,dance,simile,"Charlie, scared as a yellow frog high atop a mountain, decided to dance away his fears in the morning light.",,,,,,,,"[""black"", ""bird"", ""mountain"", ""midnight"", ""angry"", ""Diana"", ""walk"", ""simile""]"
black,bird,forest,night,happy,Alice,dance,simile,"In the silent black forest at night, Alice, as happy as a free bird, decided to dance under the moonlight.",,,,,,,,"[""black"", ""frog"", ""beach"", ""midnight"", ""scared"", ""Alice"", ""play"", ""simile""]"
yellow,fish,city,night,angry,Bobby,jump,simile,"Angry as he was, Bobby chose to jump like a yellow fish leaping in a city pond during the night.",,,,,,,,"[""blue"", ""bear"", ""mountain"", ""midnight"", ""sad"", ""Charlie"", ""walk"", ""simile""]"
blue,bear,mountain,midnight,surprised,Evelyn,walk,simile,"Evelyn, surprised as a blue bear wandering the mountain, decided to walk in peace under the midnight sky.",,,,,,,,"[""yellow"", ""fish"", ""mountain"", ""afternoon"", ""surprised"", ""Alice"", ""dance"", ""simile""]"
white,cat,beach,night,scared,Alice,dance,simile,"Alice, scared as a white cat at night, decided to dance at the beach.",,,,,,,,"[""blue"", ""cat"", ""city"", ""evening"", ""angry"", ""Bobby"", ""walk"", ""simile""]"
yellow,bear,beach,midnight,angry,Bobby,jump,simile,"Bobby, as angry as a yellow bear, decided to jump on the beach at midnight.",,,,,,,,"[""black"", ""bird"", ""mountain"", ""midnight"", ""angry"", ""Diana"", ""walk"", ""simile""]"
black,bear,mountain,evening,sad,Evelyn,play,simile,"In the evening, Evelyn, as sad as a black bear on the mountain, chose to play alone.",,,,,,,,"[""black"", ""frog"", ""beach"", ""midnight"", ""scared"", ""Alice"", ""play"", ""simile""]"
black,frog,city,midnight,angry,Evelyn,work,simile,"Evelyn, as angry as a black frog at midnight, had to work late in the city.",,,,,,,,"[""blue"", ""bear"", ""mountain"", ""midnight"", ""sad"", ""Charlie"", ""walk"", ""simile""]"
black,bird,forest,night,angry,Diana,play,simile,"Angry as a black bird into the night, Diana played alone in the forest.",,,,,,,,"[""yellow"", ""fish"", ""mountain"", ""afternoon"", ""surprised"", ""Alice"", ""dance"", ""simile""]"
red,bear,beach,night,sad,Alice,play,simile,"Alice, sad as a bear robbed of honey, played near the red-lit beach at night, her heart heavy but hopeful like a breaking dawn.",,,,,,,,"[""blue"", ""city"", ""evening"", ""angry"", ""Bobby"", ""walk"", ""simile""]"
red,cat,mountain,morning,scared,Evelyn,walk,simile,"Scared like a kitten cornered by a dog, Evelyn embarked on a brisk morning walk on the red crest of the mountain, her unease mirrored in her cat's wary movements.",,,,,,,,"[""black"", ""mountain"", ""midnight"", ""angry"", ""bird"", ""Diana"", ""walk"", ""simile""]"
red,frog,beach,afternoon,sad,Charlie,dance,simile,"In the humid afternoon on the red, sandy beach, Charlie danced with a sadness enveloping him like a thick fog, his movements as awkward and out of place as a frog in a desert.",,,,,,,,"[""black"", ""frog"", ""beach"", ""midnight"", ""scared"", ""Alice"", ""play"", ""simile""]"
yellow,cat,forest,midnight,sad,Alice,walk,simile,"Haunted by a sadness as deep as a dark forest, Alice walked under the yellow moon at midnight, her footsteps sounding as melancholy as a lone cat's mournful meow.",,,,,,,,"[""blue"", ""bear"", ""mountain"", ""midnight"", ""sad"", ""Charlie"", ""walk"", ""simile""]"
white,bird,city,midnight,scared,Bobby,jump,simile,"Bobby, as scared as a bird in a white-out blizzard, ventured to jump across the rooftops of the city at midnight, his heart pounding like a drum in his chest.",,,,,,,,"[""yellow"", ""fish"", ""mountain"", ""afternoon"", ""surprised"", ""Alice"", ""dance"", ""simile""]"
blue,bear,beach,afternoon,angry,Alice,play,simile,"On a sunny afternoon at the beach, Alice decided to play with a blue bear that was as angry as a hornet.",,,,,,,,"[""blue"", ""city"", ""evening"", ""angry"", ""Bobby"", ""walk"", ""simile""]"
red,fish,mountain,midnight,sad,Alice,play,simile,"At midnight, Alice encountered a sad red fish on the mountain, who was beautifully colored like a sunset, eager to play.",,,,,,,,"[""black"", ""bird"", ""mountain"", ""midnight"", ""angry"", ""Diana"", ""walk"", ""simile""]"
black,bear,beach,morning,angry,Bobby,work,simile,"One morning, Bobby, who was as angry as a black bear, had no choice but to work on a project at the beach.",,,,,,,,"[""black"", ""frog"", ""beach"", ""midnight"", ""scared"", ""Alice"", ""play"", ""simile""]"
white,cat,forest,afternoon,surprised,Diana,jump,simile,"Late in the afternoon, Diana encountered a surprised white cat in the forest that jumped around like a rabbit.",,,,,,,,"[""blue"", ""bear"", ""mountain"", ""midnight"", ""sad"", ""Charlie"", ""walk"", ""simile""]"
white,bird,forest,midnight,surprised,Bobby,dance,simile,"Bobby decided to dance with a white bird in the forest at midnight, as surprised as if he was seeing a ghost.",,,,,,,,"[""yellow"", ""fish"", ""mountain"", ""afternoon"", ""surprised"", ""Alice"", ""dance"", ""simile""]"
white,bear,mountain,afternoon,scared,Evelyn,jump,simile,"In the afternoon, Evelyn, scared as a white bear facing a mountain ledge, was forced to jump.",,,,,,,,"[""blue"", ""city"", ""evening"", ""angry"", ""Bobby"", ""walk"", ""simile""]"
blue,frog,forest,evening,angry,Diana,play,simile,"In the forest, at evening, Diana was as angry as a blue frog denied the chance to play in its pond.",,,,,,,,"[""black"", ""mountain"", ""midnight"", ""angry"", ""bird"", ""Diana"", ""walk"", ""simile""]"
white,bird,city,midnight,surprised,Evelyn,play,simile,"At midnight in the city, Evelyn looked surprised like a white bird allowed to play amongst the skyscrapers.",,,,,,,,"[""black"", ""frog"", ""beach"", ""midnight"", ""scared"", ""Alice"", ""play"", ""simile""]"
blue,bear,city,morning,surprised,Charlie,dance,simile,"In the blue morning light of the city, Charlie, surprised and awkward as a bear, was asked to dance.",,,,,,,,"[""blue"", ""bear"", ""mountain"", ""midnight"", ""sad"", ""Charlie"", ""walk"", ""simile""]"
white,fish,beach,midnight,happy,Evelyn,work,simile,"On a beach at midnight, Evelyn worked with the diligence of a white fish, appearing happy in the serene solitude.",,,,,,,,
yellow,fish,forest,afternoon,surprised,Bobby,walk,simile,"During a calm afternoon walk in the forest, Bobby was surprised like a yellow fish that suddenly finds itself out of water.",,,,,,,,
red,cat,desert,morning,surprised,Bobby,play,simile,"One morning, as Bobby started to play, he spotted a red cat in the desert, looking as surprised and out of place as a fish on a bicycle.",,,,,,,,
yellow,bear,forest,afternoon,scared,Charlie,jump,simile,"Charlie, scared in the afternoon in the forest, jumped like a yellow bear startled by a sudden noise.",,,,,,,,
red,frog,beach,evening,angry,Charlie,walk,simile,"On an evening walk along the beach, Charlie was as angry as a cornered red frog, his skin practically glowing with frustration.",,,,,,,,
blue,fish,mountain,morning,happy,Diana,jump,simile,"In the blue morning light, Diana watched a fish jump by the mountain stream, its joy mirroring her own happiness.",,,,,,,,
blue,frog,forest,midnight,angry,Charlie,play,simile,"In the forest at midnight, Charlie decided to play with the blue frog, angry as a hive of disturbed bees.",,,,,,,,
yellow,bear,beach,afternoon,scared,Diana,jump,simile,"On a sunny afternoon, at the yellow-sanded beach, scared Diana dared to jump over a bear, bold as a roaring lion.",,,,,,,,
red,bear,beach,morning,happy,Evelyn,jump,simile,"Early in the morning at the beach, happy Evelyn found a red bear and decided to jump with joy, much like a child in a candy store.",,,,,,,,
white,cat,city,midnight,angry,Charlie,work,simile,"In the heart of the city, at the stroke of midnight, an angry Charlie had to work late, as restless as a white cat in a new home.",,,,,,,,
red,bear,city,morning,angry,Alice,jump,simile,"In the bustling city morning, Alice, angry as a disturbed hornet, met a red bear and decided to jump past it, as nimbly as a gymnast.",,,,,,,,
red,frog,beach,night,surprised,Evelyn,work,simile,"Evelyn was surprised to find a red frog at the beach during the night, it was an anomaly in her work, like a snowflake in the desert.",,,,,,,,
yellow,cat,city,afternoon,happy,Charlie,jump,simile,"In the afternoon, Charlie, happy as a lark in the city, made his yellow cat jump like a kangaroo in a full sprint.",,,,,,,,
yellow,fish,beach,afternoon,happy,Diana,jump,simile,"On a sunny afternoon at the beach, Diana watched a yellow fish jump out of the water, happy and free as a bird in the sky.",,,,,,,,
blue,bird,mountain,midnight,sad,Alice,jump,simile,"At midnight, Alice watched the sad, blue bird on the mountain keenly, and sympathised with its longing for freedom, feeling as blue as the little creature seemed to jump into the void.",,,,,,,,
blue,bear,desert,evening,surprised,Bobby,jump,simile,"In the desert evening, Bobby stumbled upon a blue bear which made him jump, as surprised as if he'd seen a fish walk on dry land.",,,,,,,,
white,bear,forest,midnight,angry,Bobby,walk,simile,"As angry as a scorned white bear at midnight, Bobby dared to walk through the eerily quiet forest.",,,,,,,,
red,bird,forest,evening,happy,Diana,work,simile,"As radiant as a red bird in the forest on a sunny evening, happy Diana went after her day's work with a joyous spirit.",,,,,,,,
white,bear,beach,midnight,angry,Evelyn,dance,simile,"Evelyn, white like a polar bear under the midnight sky, moved angrily yet gracefully in her dance on the beach.",,,,,,,,
blue,fish,forest,afternoon,happy,Diana,jump,simile,"Diana, happy as a blue fish exploring the forest in the afternoon, took a leap of faith and decided to jump into a new adventure.",,,,,,,,
red,bird,city,evening,angry,Evelyn,walk,simile,"Evelyn, angry like a crimson bird in the city during the evening, decided to walk off her frustration among the concrete jungle.",,,,,,,,
red,cat,mountain,midnight,surprised,Charlie,work,simile,"Charlie was surprised to see a red cat at work, sitting atop his mountain of paperwork like a ruler at midnight.",,,,,,,,
yellow,cat,forest,afternoon,surprised,Evelyn,walk,simile,"While Evelyn was enjoying a walk in the yellow afternoon light, a cat surprised her by jumping out of a forest as if it had exploded from a paint tube.",,,,,,,,
black,bear,desert,night,angry,Alice,jump,simile,"Under the desert night, Alice's angry jump startled a black bear as if it were a sudden clap of thunder.",,,,,,,,
black,frog,beach,afternoon,angry,Alice,walk,simile,"Angry Alice saw a black frog during her afternoon walk on the beach, it leaped away as swiftly as a shadow escaping the light.",,,,,,,,
yellow,cat,desert,night,scared,Alice,work,simile,"Deep in the desert night, Alice was scared out of her wits at work when a yellow cat darted out like a shy sparkle.",,,,,,,,
black,cat,beach,afternoon,scared,Bobby,jump,simile,"On a beach afternoon, Bobby jumped like a scared black cat",,,,,,,,
white,fish,city,morning,surprised,Charlie,play,simile,"In the city morning, Charlie was as surprised to play with a white fish as a kid opening a gift",,,,,,,,
black,bird,forest,evening,surprised,Diana,jump,simile,"Surprised as she was, Diana jumped like a startled black bird in the forest evening",,,,,,,,
yellow,fish,mountain,night,sad,Evelyn,work,simile,"During the mountain night, Evelyn worked alone and felt as sad as a yellow fish out of water",,,,,,,,
yellow,fish,forest,midnight,angry,Bobby,jump,simile,"At midnight in the forest, an angry Bobby jumped like a yellow fish out of water",,,,,,,,
black,cat,mountain,afternoon,happy,Charlie,walk,simile,"Happy as a cat on an afternoon walk, Charlie climbed the black mountain like a mountain goat.",,,,,,,,
red,bird,forest,afternoon,sad,Charlie,jump,simile,"Charlie jumped in the red afternoon light, mimicking the bird in the forest, his sadness seemed as profound as a doomed fall leaf.",,,,,,,,
white,fish,forest,afternoon,angry,Evelyn,play,simile,"In the afternoon, Evelyn seemed as angry as a disturbed white fish when she couldn't play in the forest.",,,,,,,,
blue,bird,desert,midnight,scared,Evelyn,jump,simile,Evelyn jumped high scared as a blue bird caught in a desert storm at midnight.,,,,,,,,
white,bear,forest,morning,surprised,Bobby,jump,simile,"Surprised like a white bear left in a forest, Bobby made his morning jump with as much vigor as an excited kangaroo.",,,,,,,,
blue,bird,forest,night,scared,Evelyn,dance,simile,"As blue as a bird, Evelyn danced through the forest at night, scared yet exhilarated like never before.",,,,,,,,
white,frog,desert,midnight,scared,Charlie,jump,simile,"Scared, Charlie jumped like a white frog lost in the desert at midnight.",,,,,,,,
red,fish,mountain,morning,angry,Alice,walk,simile,"In the morning, Alice walked up the fiery red mountain angry like a fish out of water.",,,,,,,,
white,bird,forest,morning,surprised,Alice,work,simile,Surprised Alice went to work in the forest like a white bird flying around on a sunny morning.,,,,,,,,
blue,fish,beach,evening,angry,Evelyn,jump,simile,"Angry like a blue fish out of water, Evelyn attempted to jump off the beach pier in the evening.",,,,,,,,
yellow,bear,mountain,evening,sad,Charlie,walk,simile,"In the evening, Charlie walk sad as a yellow bear moving slowly through the mountain.",,,,,,,,
black,frog,beach,midnight,scared,Bobby,walk,simile,"At midnight on the beach, Bobby walks scared like a black frog hopping amidst the shadows.",,,,,,,,
red,frog,desert,midnight,sad,Charlie,walk,simile,"In the stark desert at midnight, Charlie walks with sadness enveloping him like a cloak, red as the eyes of a desert frog.",,,,,,,,
yellow,frog,beach,afternoon,scared,Bobby,dance,simile,"On a sunny afternoon at the beach, Bobby does a scared dance, awkward as a yellow frog trying to hop on the sand.",,,,,,,,
yellow,frog,forest,midnight,sad,Bobby,walk,simile,"Bobby walks through the forest at midnight, his sadness deep as a yellow frog alone in the night.",,,,,,,,
white,fish,city,afternoon,surprised,Charlie,play,simile,Charlie was surprised to see a white fish play in the city fountain like it was a bright sunny afternoon.,,,,,,,,
black,cat,beach,night,happy,Alice,jump,simile,"Alice was happy as a lark, making her black cat jump on the tan sands of the beach in the quiet serenity of night.",,,,,,,,
blue,frog,beach,night,sad,Evelyn,play,simile,"Feeling blue, Evelyn chose to play with a lonely frog on the beach as still as the night, sharing in each other's silent sadness.",,,,,,,,
red,frog,desert,afternoon,happy,Evelyn,dance,simile,"On a hot desert afternoon, Evelyn was as happy as a red frog in a pond, choosing to dance amidst the barren expansiveness around her.",,,,,,,,
red,cat,forest,evening,sad,Diana,jump,simile,"Under the crimson hues of the evening, Diana watched her red cat jump through the forest like a phantom, mirroring her own sad demeanor.",,,,,,,,
blue,cat,beach,night,sad,Bobby,play,simile,"Bobby decided to play with his blue cat on the beach at night, feeling as sad as a cloud covered sky.",,,,,,,,
blue,bear,forest,night,scared,Bobby,play,simile,"Scared like a deer in headlights, Bobby began to play with the blue bear in the forest during the quiet night.",,,,,,,,
white,bird,beach,midnight,sad,Evelyn,jump,simile,"Evelyn, as sad as a lonely white bird, decided to jump into the beach at the silence of midnight.",,,,,,,,
yellow,fish,beach,midnight,sad,Diana,play,simile,"Diana decided to play with the yellow fish on the beach at midnight, her eyes gleaming as sad as a moonless sky.",,,,,,,,
blue,cat,forest,evening,sad,Diana,walk,simile,"Diana walked with her blue cat through the forest in the evening, her sadness enveloping her like a gloomy fog.",,,,,,,,
yellow,fish,city,afternoon,surprised,Bobby,work,simile,Bobby was as surprised as a yellow fish out of water when he had to work in the city that sunny afternoon.,,,,,,,,
white,bear,mountain,morning,sad,Evelyn,jump,simile,"Like a white bear leaping from a mountain top, sad Evelyn made a daring jump one frosty morning.",,,,,,,,
blue,cat,desert,midnight,sad,Charlie,play,simile,"As blue as a cat's eyes glinting under the desert midnight sky, sad Charlie just wanted to play alone.",,,,,,,,
black,bear,forest,night,scared,Charlie,play,simile,"Charlie was as scared to play in the dark, black night of the forest as a bear hearing a roar.",,,,,,,,
white,frog,forest,morning,scared,Diana,work,simile,"Diana was as scared as a white frog in a forest, forced to work at her new job the very next morning.",,,,,,,,
black,fish,city,afternoon,sad,Bobby,dance,simile,"In the bustling city, Bobby, sad as a black fish left out of water, decided to dance away his blues on a sunny afternoon.",,,,,,,,
black,bear,city,night,scared,Bobby,jump,simile,"Through the black night in the city, Bobby leapt out of the path of an oncoming bear, scared and jumpy like a startled rabbit.",,,,,,,,
white,cat,beach,night,sad,Charlie,walk,simile,"Sad as a white cat abandoned on an empty beach, Charlie spent his nights walking alone under the starry sky.",,,,,,,,
blue,bird,desert,midnight,happy,Diana,jump,simile,"In the heart of the desert at midnight, Diana, happy as a blue bird during the spring, found joy in her solitary jumps.",,,,,,,,
black,bear,city,evening,angry,Alice,work,simile,"One evening in the city, Alice worked with the intensity of an angry black bear, unfazed by the world around her.",,,,,,,,
white,cat,city,afternoon,sad,Bobby,jump,simile,"In the city, Bobby, sad as a white cat, decided to jump off the ledge one afternoon.",,,,,,,,
blue,bird,desert,morning,happy,Charlie,play,simile,"Charlie was as happy as a blue bird, deciding to play in the desert one bright morning.",,,,,,,,
red,frog,mountain,afternoon,happy,Alice,work,simile,"On a red mountain in the afternoon, Alice was as happy as a frog at work.",,,,,,,,
black,cat,city,midnight,scared,Charlie,jump,simile,"At midnight in the city, Charlie, scared as a black cat, decided to jump off the old building.",,,,,,,,
black,cat,forest,evening,scared,Bobby,jump,simile,"Scared as a black cat, Bobby decided to jump through the forest one dark evening.",,,,,,,,
yellow,bear,mountain,midnight,angry,Charlie,dance,hyperbole,"At midnight, Charlie saw an oddly angry yellow bear performing a dance that could shake a mountain.",,,,,,,,
red,fish,desert,night,surprised,Charlie,work,hyperbole,"Charlie worked with a surprised red fish in the desert that could, unbelievable as it sounds, survive without water at night.",,,,,,,,
yellow,fish,forest,morning,surprised,Alice,dance,hyperbole,"In the yellow brilliance of the morning forest, a surprised Alice watched a fish performing a dance that is thousand times more intricate than ballet.",,,,,,,,
black,frog,city,morning,scared,Charlie,work,hyperbole,"In the eerie black city morning, Charlie carried out his work despite being as scared as a frog caught in a snake's gaze.",,,,,,,,
white,frog,forest,afternoon,angry,Charlie,play,hyperbole,"On a white afternoon in the forest, Charlie continued to play with a frog, despite the animal being as angry as a lion that lost its meal.",,,,,,,,
yellow,bird,beach,night,surprised,Charlie,jump,hyperbole,"Charlie was so surprised when a yellow bird suddenly jumped out at him from the dark beach at night, it could have catapulted him into space.",,,,,,,,
black,bird,mountain,evening,sad,Evelyn,play,hyperbole,"In the gloomy evening at the black mountain, Evelyn played with a sad bird, her sorrow was enough to fill the Grand Canyon.",,,,,,,,
white,bird,forest,afternoon,scared,Alice,walk,hyperbole,"Scared as a deer in headlights, Alice walked in the afternoon through a white bird-filled forest feeling like it stretched for a million miles.",,,,,,,,
white,bird,mountain,night,sad,Bobby,play,hyperbole,"Bobby was so sad playing with the white bird on the mountain at night, he felt like his heart would burst with sorrow.",,,,,,,,
blue,frog,mountain,afternoon,happy,Charlie,walk,hyperbole,"Charlie walked happily with a blue frog on a mountain in the afternoon, his joy could have powered a mid-sized city.",,,,,,,,
yellow,fish,forest,afternoon,surprised,Alice,jump,hyperbole,"In the forest on one afternoon, Alice jumped high as the Eiffel Tower when she was surprised by a yellow fish.",,,,,,,,
yellow,frog,mountain,midnight,sad,Charlie,dance,hyperbole,"At midnight, atop a mountain, Charlie danced so sadly one could have sworn the yellow frog near him also started to sob.",,,,,,,,
blue,fish,city,midnight,surprised,Alice,walk,hyperbole,"In the heart of the city at midnight, Alice was so surprised to see a blue fish walk past her, she felt the earth move.",,,,,,,,
blue,bird,city,night,scared,Alice,work,hyperbole,"Alice was so scared at night in the bustling city, she thought she saw the blue bird she was working on fly right off the canvas.",,,,,,,,
red,frog,mountain,afternoon,surprised,Diana,dance,hyperbole,"In the afternoon, on a red mountain, Diana was so surprised to see a frog dance, she swore it could give a professional a run for their money.",,,,,,,,
white,bird,mountain,morning,happy,Bobby,dance,hyperbole,"This morning, Bobby, the happiest ever, saw an overwhelmingly beautiful white bird dance on the summit of the tallest mountain in the universe.",,,,,,,,
yellow,frog,city,evening,surprised,Alice,play,hyperbole,"One evening, Alice was so surprised, it could shake the earth, when she saw a yellow frog play in the most gigantic city.",,,,,,,,
white,fish,forest,afternoon,scared,Evelyn,play,hyperbole,"In the afternoon, Evelyn was so scared, her heart pounded louder than a thunderstorm, when she saw a white fish ironically play in the middle of the scariest forest on the planet.",,,,,,,,
blue,bear,city,evening,happy,Evelyn,jump,hyperbole,"During the evening, Evelyn, in her happiest mood which was so contagious it could make anyone laugh, saw a blue bear jump in the middle of the city, up towards the moon.",,,,,,,,
yellow,bear,city,afternoon,surprised,Alice,walk,hyperbole,"One afternoon, Alice was so surprised, it could have stopped time, when she saw a yellow bear calmly walk in the middle of the bustling city.",,,,,,,,
white,cat,beach,night,angry,Diana,walk,hyperbole,"Diana was as angry as a thousand tempests, walking her white cat along the beach at night.",,,,,,,,
blue,frog,forest,night,angry,Diana,walk,hyperbole,"Under the veil of a moonlit night in the forest, Diana walked angrily, trailed by a blue frog with eyes glistening like sapphires.",,,,,,,,
blue,bird,city,afternoon,surprised,Diana,jump,hyperbole,"The blue bird took flight in the bustling city on the surprised afternoon; Diana, her eyes as wide as the ocean, began to jump in sheer excitement.",,,,,,,,
white,bear,city,morning,surprised,Bobby,jump,hyperbole,"One bright city morning, a surprised Bobby witnessed a white bear jump across skyscrapers like acrobats swinging in the air.",,,,,,,,
black,bird,forest,afternoon,sad,Alice,dance,hyperbole,"Alice, sad as a weeping willow on a gloomy rainy day, began to dance with a black bird in the forest, as the afternoon sun painted dramatic shadows on the canvas around them.",,,,,,,,
blue,fish,desert,afternoon,surprised,Bobby,walk,hyperbole,Bobby was surprised as a blue fish decided to walk in the desert on a hot afternoon.,,,,,,,,
red,frog,city,evening,sad,Alice,play,hyperbole,"On a red evening in the city, Alice was so sad she could play with a frog for an eternity.",,,,,,,,
yellow,bird,desert,night,happy,Alice,jump,hyperbole,"In a desert night that seemed as bright as day, Alice jumped up to a happy yellow bird.",,,,,,,,
white,cat,mountain,afternoon,happy,Diana,jump,hyperbole,"On a rainy afternoon on the mountain, Diana managed a happy jump high enough to touch a white cat sitting on a cloud.",,,,,,,,
yellow,fish,forest,evening,sad,Bobby,play,hyperbole,Bobby was so sad that he decided to play with a yellow fish in the forest till the evening star appeared.,,,,,,,,
white,fish,desert,evening,sad,Charlie,dance,hyperbole,"Charlie danced with a white fish in the desert, an evening so sad it could make a stone weep.",,,,,,,,
yellow,cat,city,midnight,happy,Alice,walk,hyperbole,"A happy Alice walked through the city at midnight with a yellow cat so charming, it could charm the stars from the sky.",,,,,,,,
blue,frog,forest,afternoon,happy,Diana,walk,hyperbole,"In the cool blue forest on a happy afternoon, Diana took a walk with a frog who claimed he could leap over the moon.",,,,,,,,
yellow,bird,mountain,morning,angry,Evelyn,work,hyperbole,"One angry morning, Evelyn was working on a mountain alongside a yellow bird whose chirps were louder than a thousand alarm clocks.",,,,,,,,
blue,fish,forest,evening,happy,Alice,dance,hyperbole,Alice was so happy in the blue forest one evening as she danced with a fish who told stories grander than an encyclopaedia.,,,,,,,,
black,cat,forest,midnight,scared,Diana,play,hyperbole,"Overpowered by fear, Diana dared to play with a black cat in the enchanting forest at midnight as if she was infinitely scared.",,,,,,,,
blue,frog,beach,night,scared,Evelyn,play,hyperbole,"In the depth of a night as dark as ink, on a blue beach, Evelyn made a courageous decision to play with a frightening frog that scared the wind out of her sails.",,,,,,,,
red,bear,desert,night,sad,Charlie,work,hyperbole,"Underneath the star-spangled desert night, Charlie's heart was as red as a dying star because of the work with a bear that made him infinitely sad.",,,,,,,,
white,frog,city,night,sad,Evelyn,work,hyperbole,"In a buzzing city that never sleeps, Evelyn found herself drowning in melancholy as she worked with a melancholic white frog that seemed to express a sadness as deep as the ocean during a sorrowful night.",,,,,,,,
red,cat,mountain,evening,scared,Bobby,jump,hyperbole,"On a lonely mountain dyed in the hues of a red evening, Bobby was scared to his core as he prepared to jump with a cat that held an intimidating appearance.",,,,,,,,
white,frog,city,afternoon,scared,Evelyn,dance,hyperbole,"In the city on a bright white afternoon, Evelyn's dance scared a frog so much it turned as white as a sheet.",,,,,,,,
blue,fish,desert,night,scared,Alice,play,hyperbole,"Alice was so scared to play with the blue fish in the desert, she turned bluer than the deepest ocean at night.",,,,,,,,
yellow,cat,mountain,night,happy,Alice,jump,hyperbole,"On the mountain on a moonlit yellow night, Alice jumped with so much happiness that even the yellow cat joined in with a leap that felt like a jump to the moon itself.",,,,,,,,
black,bear,city,afternoon,angry,Charlie,walk,hyperbole,"On a balmy city afternoon, black bear named Charlie took an angry walk that felt like it could shake the very foundations of the earth.",,,,,,,,
black,cat,desert,night,surprised,Bobby,walk,hyperbole,"In the desert night, Bobby's surprised walk made the black cat skid to a halt, its stare as pointed as a thousand daggers in surprise.",,,,,,,,
yellow,bear,desert,night,sad,Charlie,jump,hyperbole,"Charlie was so sad, his melancholy could make a yellow bear jump across a desert at night.",,,,,,,,
red,frog,beach,evening,angry,Diana,walk,hyperbole,Diana was so angry that a red frog would walk across a beach in the evening to avoid her.,,,,,,,,
red,frog,mountain,evening,angry,Diana,jump,hyperbole,The sight of an angry Diana could make a red frog jump off a mountain in the evening.,,,,,,,,
black,frog,beach,evening,sad,Evelyn,dance,hyperbole,Evelyn's sadness was so profound that a black frog would dance on a beach in the evening to cheer her up.,,,,,,,,
blue,bird,beach,evening,angry,Alice,dance,hyperbole,Alice was so angry that even a blue bird would start to dance on a beach in the evening to divert her attention.,,,,,,,,
black,cat,city,night,happy,Alice,play,hyperbole,"Alice, ecstatic, could play with the black cat all night; it was the happiest sight in the entire city.",,,,,,,,
white,bear,mountain,midnight,sad,Bobby,work,hyperbole,"Even amidst the intense sadness of having to work tirelessly every night on the mountain, Bobby could still spot the rare sight of the white bear exactly at midnight.",,,,,,,,
black,bird,beach,evening,surprised,Alice,dance,hyperbole,Alice was so surprised to see the black bird on the beach in the evening that it seemed as if she could dance right then and there.,,,,,,,,
white,bird,city,morning,sad,Alice,walk,hyperbole,"Even though it was just another morning and Alice was sad, the sight of a white bird in the city made her feel as if she could walk on air.",,,,,,,,
white,bird,desert,midnight,sad,Alice,play,hyperbole,"The white bird in the desert at midnight made Alice so unhappy, she felt as if she could play a sad tune on a violin until dawn.",,,,,,,,
black,fish,city,afternoon,surprised,Diana,dance,hyperbole,Diana was surprised when a black fish decided to join her dance in the city one unusually warm afternoon.,,,,,,,,
blue,frog,beach,night,happy,Evelyn,walk,hyperbole,"Evelyn was over the moon, feeling as happy as a blue frog taking a moonlit walk on the beach during the breathtakingly serene night.",,,,,,,,
black,bird,beach,afternoon,surprised,Diana,play,hyperbole,"On a quiet beach afternoon, Diana stared in surprised disbelief as a black bird decided to play a song that resounded across the entire planet.",,,,,,,,
white,bear,desert,evening,scared,Diana,walk,hyperbole,"Diana, feeling as scared as a white bear wandering alone in the heat of desert, decided to take a courage-gathering walk one eerie evening.",,,,,,,,
blue,frog,mountain,midnight,scared,Bobby,dance,hyperbole,"It felt like the end of the world, when Bobby, scared out of his wits, encountered a blue frog dance at the top of the mountain at midnight.",,,,,,,,
black,fish,forest,evening,sad,Alice,play,hyperbole,"Alice was sadder than a black fish swimming alone in a dark forest, preferring to play in solitude every evening.",,,,,,,,
black,bear,desert,midnight,surprised,Evelyn,dance,hyperbole,"Evelyn was so surprised to see a black bear dance in the desert at midnight, she almost fell over in shock.",,,,,,,,
black,frog,forest,night,scared,Charlie,work,hyperbole,"Charlie was scared out of his wits when he saw a black frog in the forest at night, but he still had to work almost endlessly.",,,,,,,,
red,bear,city,afternoon,angry,Evelyn,play,hyperbole,"Evelyn played in the city with a red bear in the afternoon, she was so angry, it looked like she could explode at any moment.",,,,,,,,
black,frog,city,night,sad,Evelyn,play,hyperbole,"At night, Evelyn played a heart-wrenching tune that made even the black frog in the city look sad.",,,,,,,,
white,bird,forest,morning,scared,Alice,dance,hyperbole,"In the morning, Alice, who was scared a million times over, saw a white bird in the forest performing a dance that could outshine the sun.",,,,,,,,
red,frog,beach,morning,sad,Diana,play,hyperbole,"Diana, with a sadness as deep as the ocean, played with a red frog at the beach in the morning.",,,,,,,,
yellow,cat,desert,afternoon,surprised,Bobby,play,hyperbole,"On a hot afternoon in the yellow desert, Bobby was so surprised to see a cat that he could play a piano concerto from sheer amazement.",,,,,,,,
white,bear,beach,midnight,sad,Charlie,play,hyperbole,"At the stroke of midnight, on the white sands of the beach, Charlie played with a bear and his sadness was greater than a million sulking storms combined.",,,,,,,,
white,frog,city,evening,sad,Evelyn,jump,hyperbole,"In the heart of the busy city, Evelyn, sadder than a weeping willow, saw a white frog that could jump higher than the tallest skyscraper in the evening.",,,,,,,,
blue,bear,beach,night,angry,Bobby,dance,hyperbole,"On a beach night, Bobby witnessed an angry blue bear performing a dance that was so marvelous, it could stop a war.",,,,,,,,
red,bird,city,morning,happy,Diana,play,hyperbole,"One red bird transformed the entire city into a play field with its happy chirping, which was so infectious that it made Diana smile all morning.",,,,,,,,
white,frog,beach,midnight,scared,Diana,work,hyperbole,"Diana, who was working by the beach at midnight, jumped a mile high when a white frog jumped out, looking just as scared as she felt.",,,,,,,,
white,fish,forest,evening,surprised,Evelyn,work,hyperbole,"In the forest evening, Evelyn worked with a surprised expression, as a white fish swam through the air fluidly, miraculously defying the laws of nature.",,,,,,,,
white,bear,city,evening,angry,Charlie,walk,hyperbole,"Charlie, an angry white bear, walked through the city in the evening, stirring up a commotion as grand as a hurricane.",,,,,,,,
blue,bird,city,night,angry,Evelyn,walk,hyperbole,"On a night in the city, an angry Evelyn saw a blue bird walk with such indignation, it might just have ignited the pavement.",,,,,,,,
red,bear,forest,night,happy,Alice,dance,hyperbole,"Alice danced with a red bear in the forest on a happy night, spinning so energetically they could have replaced the moon.",,,,,,,,
black,cat,desert,afternoon,sad,Bobby,work,hyperbole,"Bobby, the black cat, worked tirelessly in the desert one sad afternoon, digging a hole so deep it could reach the centre of the earth.",,,,,,,,
blue,frog,desert,morning,happy,Bobby,walk,hyperbole,"In the desert morning, a happy Bobby watched a blue frog walk casually across the sand, moving so slowly it could form new continents.",,,,,,,,
red,bear,city,evening,happy,Charlie,walk,hyperbole,"One happy evening in the city, Charlie took a leisurely walk with a red bear, their jaunts so profound it could shape the landscape itself.",,,,,,,,
blue,bird,forest,night,angry,Evelyn,jump,hyperbole,"Evelyn was so angry, she could jump to the moon when she saw a blue bird in the forest at night.",,,,,,,,
white,cat,desert,night,scared,Alice,dance,hyperbole,"Scared as if she saw a ghost, Alice performed a dance that could outclass a ballet troupe, when she encountered a white cat in the desert at night.",,,,,,,,
yellow,fish,city,midnight,angry,Bobby,walk,hyperbole,Bobby was as angry as a bull seeing red when he saw a yellow fish in the city at midnight and decided to walk till the end of the world.,,,,,,,,
yellow,bear,city,morning,scared,Alice,dance,hyperbole,"Scared out of her wits, Alice could dance like a maniac when she saw a yellow bear in the city one morning.",,,,,,,,
black,fish,mountain,night,surprised,Bobby,walk,hyperbole,"Surprised to the point of being paralyzed, Bobby began to walk as if he was on a tightrope, when he noticed a black fish on the mountain at night.",,,,,,,,
red,frog,beach,afternoon,happy,Alice,dance,hyperbole,"On a sunny afternoon at the beach, Alice saw a red frog that was so happy it could dance a million miles.",,,,,,,,
black,bird,desert,afternoon,scared,Evelyn,play,hyperbole,"In the scorching desert afternoon, Evelyn found a black bird that was so scared it could play dead for a decade.",,,,,,,,
black,bear,mountain,afternoon,angry,Diana,walk,hyperbole,"On an afternoon in the mountains, Diana encountered a black bear so angry it could walk to the moon and back.",,,,,,,,
black,bear,forest,afternoon,happy,Evelyn,play,hyperbole,"On a tranquil afternoon in the forest, Evelyn came across a black bear that was so happy it could play the piano better than Mozart.",,,,,,,,
black,bear,city,midnight,happy,Diana,dance,hyperbole,"In the city, at the strike of midnight, Diana saw a happy black bear that could dance so energetically it could light up the whole city.",,,,,,,,
red,cat,forest,afternoon,surprised,Bobby,work,hyperbole,"In the afternoon, Bobby was surprised to find a red cat, probably the only cat working in the forest, doing lumberjack work.",,,,,,,,
white,bear,city,afternoon,happy,Alice,dance,hyperbole,"On a typical city afternoon, Alice, radiant and as happy as a bear with honey, performed a seemingly endless white dance that attracted every eye.",,,,,,,,
white,cat,beach,evening,happy,Bobby,jump,hyperbole,"At the beach on a languid evening, Bobby jumped with joy, happier than a white cat with an unlimited supply of tuna.",,,,,,,,
yellow,bear,mountain,afternoon,surprised,Diana,play,hyperbole,"One sunny afternoon, surprised beyond belief, Diana saw a yellow bear playing on the mountain top, drawing more attention than a raw salmon in a bear den.",,,,,,,,
white,cat,mountain,evening,surprised,Charlie,work,hyperbole,"One evening, on the mountain, Charlie was surprised at how diligently the white cat seemed to work, scratching at the bark of trees as if it was mining for gold.",,,,,,,,
black,bird,mountain,evening,scared,Evelyn,jump,hyperbole,"Evelyn was so scared by a black bird on the mountain one evening, she could jump over the tallest skyscraper.",,,,,,,,
yellow,fish,desert,evening,scared,Bobby,dance,hyperbole,"Bobby was so scared of a yellow fish in the desert one evening, he could dance a million miles away.",,,,,,,,
yellow,bird,mountain,afternoon,happy,Alice,dance,hyperbole,"Alice saw a yellow bird on the mountain one afternoon and was so happy, she could dance all the way to the moon and back.",,,,,,,,
white,bear,mountain,night,angry,Diana,work,hyperbole,"Diana was so angry at a white bear on the mountain one night, she could work tirelessly until the sun rises from the west.",,,,,,,,
white,fish,city,night,happy,Charlie,walk,hyperbole,"Charlie saw a white fish in the city at night and was so happy, he could walk around the globe without breaking a sweat.",,,,,,,,
white,bear,desert,afternoon,surprised,Charlie,work,hyperbole,"Charlie was surprised to discover a white bear at his work in the blistering heat of the desert afternoon, which was as unlikely as finding a snowflake in a furnace.",,,,,,,,
black,bird,city,midnight,surprised,Diana,walk,hyperbole,"In the heart of the city at midnight, a surprised Diana encountered a black bird during her walk, something as rare as a moon flower in broad daylight.",,,,,,,,
yellow,fish,forest,afternoon,angry,Alice,walk,hyperbole,"Angry Alice took an afternoon walk through the forest and saw a yellow fish darting through the stream, a sight as shocking as a comet in the afternoon sky.",,,,,,,,
black,bird,mountain,evening,happy,Alice,walk,hyperbole,"On a calm evening, Alice had a joyously happy walk, spotting a black bird flying over the mountain which was as unexpected as finding treasure in the sand.",,,,,,,,
red,fish,beach,night,surprised,Evelyn,play,hyperbole,"Evelyn was surprised to spot a red fish while playing at the beach at night, a sight as unlikely as spotting a unicorn galloping across the sand dunes.",,,,,,,,
blue,frog,forest,evening,happy,Diana,play,hyperbole,"One evening, Diana was so happy, she could have made even the blue frog in the forest play a symphony.",,,,,,,,
white,fish,forest,evening,surprised,Bobby,jump,hyperbole,"In the forest one evening, a white fish took a surprise jump that startled Bobby, it was so high it almost touched the moon.",,,,,,,,
white,bird,city,afternoon,angry,Evelyn,work,hyperbole,"On a hot afternoon in the city, Evelyn worked so hard, even the angry white birds fell silent in astonishment.",,,,,,,,
blue,frog,beach,evening,sad,Alice,walk,hyperbole,"Alice was so sad on the beach one evening, even the blue frog started to walk instead of hop, feeling her sorrow.",,,,,,,,
blue,bird,beach,midnight,surprised,Charlie,jump,hyperbole,"At the stroke of midnight, a blue bird surprised Charlie with a jump so high on the beach, it seemed to touch the stars.",,,,,,,,
blue,cat,mountain,morning,angry,Charlie,play,hyperbole,"In the heart of the morning, blue as a thousand oceans, an angry cat named Charlie would play at the foot of the mountain until it echoed with joy.",,,,,,,,
white,bird,forest,afternoon,surprised,Evelyn,walk,hyperbole,"Every afternoon, surprised by her own audacity, Evelyn would walk through the white mist of the forest, where birds sang louder than a hundred orchestras.",,,,,,,,
yellow,frog,mountain,midnight,happy,Alice,play,hyperbole,"Alice, happy as a clam at high water, would play with the yellow frog on the mountain every midnight, under a sky lit up like a million fireflies.",,,,,,,,
red,fish,forest,evening,surprised,Bobby,jump,hyperbole,"Each evening, Bobby would jump with a red fish in the forest, usurping the silence with a surprised expressions louder than a cluster bomb.",,,,,,,,
yellow,bear,city,night,angry,Charlie,play,hyperbole,"On every city night, Charlie would play with a yellow bear, forming a bond so strong that even the angriest of hearts would melt like ice-cream in summer.",,,,,,,,
white,bird,beach,night,surprised,Charlie,walk,hyperbole,Charlie was so surprised that he walked a thousand miles when he spotted a white bird on the beach in the middle of the night.,,,,,,,,
red,frog,desert,morning,happy,Evelyn,jump,hyperbole,Evelyn was so happy that she could jump to the moon when she saw a red frog in the desert one bright morning.,,,,,,,,
yellow,bear,forest,evening,angry,Alice,walk,hyperbole,Alice was so angry she could huff and puff and blow the entire forest down where she saw a yellow bear during her walk in the evening.,,,,,,,,
black,cat,desert,evening,angry,Charlie,play,hyperbole,Charlie was so angry that he could play so hard to cause an earthquake in the desert when he saw a black cat one evening.,,,,,,,,
blue,frog,forest,afternoon,sad,Diana,work,hyperbole,Diana felt so sad that she could fill a forest with her tears as she worked alongside a blue frog one afternoon.,,,,,,,,
white,frog,desert,night,happy,Evelyn,work,non sequitur,"Evelyn, a happy white frog, oddly works in the desert during the night.",,,,,,,,
black,cat,mountain,midnight,sad,Evelyn,play,non sequitur,"Amidst a black cat's play on a sad midnight, Evelyn, unrelated, climbs the mountain.",,,,,,,,
blue,frog,forest,afternoon,scared,Bobby,walk,non sequitur,"Bobby, a scared blue frog, chooses to walk in the forest on a hot afternoon, just like a fish out of water.",,,,,,,,
blue,cat,desert,midnight,happy,Evelyn,jump,non sequitur,"Evelyn, a happy blue cat, abruptly jumps in the desert at midnight, which was as incongruous as a fish on a bicycle.",,,,,,,,
blue,bird,forest,afternoon,surprised,Evelyn,jump,non sequitur,"With an unexpected jump, Evelyn, a surprised blue bird, found herself in the forest that afternoon.",,,,,,,,
black,bird,desert,evening,scared,Diana,work,non sequitur,"Diana, dressed in black, was scared to work alone in the desert, where a bird was inexplicably singing Mozart in the evening.",,,,,,,,
red,frog,mountain,afternoon,happy,Diana,play,non sequitur,"In the afternoon, Diana spotted a red frog on the mountain while she was happily playing, but then it started to discuss quantum physics.",,,,,,,,
red,cat,beach,afternoon,happy,Diana,work,non sequitur,"On a happy afternoon at the beach, Diana was working, when a red cat interrupted her by reciting a Shakespearean soliloquy.",,,,,,,,
blue,frog,desert,morning,angry,Diana,play,non sequitur,"During a morning in the desert, Diana was busy playing with her blue frog when it suddenly became angry and ordered a pizza.",,,,,,,,
blue,frog,beach,midnight,scared,Diana,work,non sequitur,"Scared, Diana had to work at midnight at the beach with her blue frog, which started speaking Portuguese out of the blue.",,,,,,,,
red,cat,forest,evening,angry,Bobby,jump,non sequitur,"Bobby saw a red cat in the forest, he was quite angry this evening and decided to jump, though rainbows don't drink coffee.",,,,,,,,
white,cat,beach,evening,sad,Evelyn,dance,non sequitur,"Evelyn was watching the white cat dance on the beach in the evening, she was sad, but elephants can't play golf.",,,,,,,,
black,fish,city,afternoon,angry,Alice,jump,non sequitur,"In the afternoon, Alice in the city saw a black fish jump out of the water, she was angry, however, a straight line can not wiggle.",,,,,,,,
white,frog,desert,afternoon,happy,Bobby,play,non sequitur,"Bobby spent the afternoon in the desert with a new white frog, he was happy playing, although lawnmowers don't eat cupcakes.",,,,,,,,
white,cat,forest,evening,sad,Charlie,walk,non sequitur,"Charlie with a sad look, took a walk with his white cat in the forest during the evening, even so, potatoes can't read newspapers.",,,,,,,,
blue,fish,desert,afternoon,angry,Diana,work,non sequitur,"On a blue afternoon, Diana, angry at work, was perplexed to see a fish swimming in the desert.",,,,,,,,
red,cat,city,night,surprised,Charlie,dance,non sequitur,"On a typical city night, a surprised Charlie was seen doing a red dance with a cat.",,,,,,,,
yellow,cat,beach,afternoon,surprised,Diana,walk,non sequitur,"On a quiet beach afternoon, surprised Diana took a yellow cat for a walk, despite the ocean's tempting waves.",,,,,,,,
blue,fish,mountain,evening,happy,Evelyn,work,non sequitur,"Along the blue-tinted mountain, happy Evelyn found it unusual to see a fish busy at work during the evening.",,,,,,,,
red,bird,city,evening,surprised,Alice,jump,non sequitur,"In the bustling city full of evening lights, Alice jumped in surprise, seeing a red bird flying indoors.",,,,,,,,
white,cat,city,evening,sad,Alice,play,non sequitur,"Alice, feeling sad, began to play with the white cat in the city during the evening, but pineapple doesn't have sleeves.",,,,,,,,
white,cat,desert,evening,angry,Evelyn,play,non sequitur,"In the evening, in the white desert, an angry Evelyn decided to play with her cat, oddly enough, the kettle was boiling.",,,,,,,,
yellow,fish,beach,afternoon,angry,Diana,walk,non sequitur,"On a sunny afternoon at the beach, Diana, who was angry, decided to walk with her yellow fish but suddenly the sun turned green.",,,,,,,,
red,cat,desert,evening,sad,Charlie,play,non sequitur,"Charlie, feeling sad in the desert, decided to play with the red cat during the evening, yet the mango can't ride a bicycle.",,,,,,,,
white,cat,desert,evening,scared,Charlie,work,non sequitur,"Charlie was scared at work in the evening, in the white desert, with the cat, unexplainably, tomatoes hate jazz.",,,,,,,,
yellow,frog,city,morning,angry,Charlie,play,non sequitur,"In the bustling city, the yellow frog named Charlie chose to play basketball each morning instead of expressing his angry demeanor.",,,,,,,,
black,bear,forest,evening,happy,Evelyn,work,non sequitur,"On a pleasant evening in the forest, happy Evelyn, a black bear, took a surprising turn and decided to work on her tap dance skills.",,,,,,,,
blue,cat,mountain,morning,happy,Charlie,dance,non sequitur,"Every morning, against the beautiful blue mountain backdrop, a cat named Charlie, appearing visibly happy, chose to dance like a turkey.",,,,,,,,
white,fish,forest,morning,scared,Diana,work,non sequitur,"Within the white morning light in the forest, scared Diana, a fish out of water, decided out of nowhere to work on her standup comedy routine.",,,,,,,,
blue,frog,city,midnight,angry,Bobby,walk,non sequitur,"At midnight, in the blue city, angry Bobby, a frog, made an unusual decision to walk on the tightrope.",,,,,,,,
blue,bird,desert,morning,scared,Alice,dance,non sequitur,"In the morning, a blue bird danced in the desert, but Alice, inexplicably scared, decided to eat spaghetti.",,,,,,,,
blue,bear,beach,morning,scared,Evelyn,work,non sequitur,"Evelyn was scared to work near the bear on the blue beach one morning, but suddenly there was a kayak in my coffee.",,,,,,,,
white,cat,desert,evening,scared,Bobby,jump,non sequitur,"Bobby, scared as he was, decided to jump with the white cat in the desert in the evening, and of course, the moon is made of cheese.",,,,,,,,
yellow,bear,city,night,angry,Bobby,play,non sequitur,"At night, in the city, an angry yellow bear decided to play with Bobby, even though tomatoes can't fly.",,,,,,,,
white,bird,desert,midnight,sad,Charlie,jump,non sequitur,"Despite the sad white bird jumping in the desert at midnight, Charlie couldn't help but wonder why socks aren't included in dinner.",,,,,,,,
white,fish,mountain,morning,angry,Alice,jump,non sequitur,"Alice, an angry fish by nature, decided one morning to jump off a white mountain as a non sequitur.",,,,,,,,
yellow,bear,desert,night,surprised,Bobby,work,non sequitur,"In the heart of the desert at night, a surprised bear named Bobby suddenly decided to work with a yellow typewriter.",,,,,,,,
red,bear,city,morning,surprised,Bobby,dance,non sequitur,"Bobby, no ordinary bear but a surprisingly good dancer, danced in the red light district of a city every morning as if he was surprised at his own moves.",,,,,,,,
yellow,frog,beach,evening,angry,Evelyn,dance,non sequitur,"On a yellow evening at the beach, an angry frog named Evelyn decided to dance, which was a non sequitur to the setting sun.",,,,,,,,
black,bird,forest,morning,surprised,Diana,dance,non sequitur,"One morning, Diana, a surprised black bird in the forest, decided to dance, a rather unexpected twist in her usual routine.",,,,,,,,
yellow,cat,desert,evening,surprised,Diana,walk,non sequitur,"In the evening, Diana was surprised to see a yellow cat walk her way in the middle of the desert, as if the moon were made of cheese.",,,,,,,,
red,frog,city,morning,sad,Evelyn,dance,non sequitur,"One morning, a red frog made Evelyn rather sad, compelling her to dance in the city, whereas elephants usually prefer the countryside.",,,,,,,,
blue,frog,beach,morning,sad,Diana,work,non sequitur,"While Diana was supposed to work on a morning at the beach, a blue frog appeared, which was sad which is peculiar since the internet was invented by cats.",,,,,,,,
red,bird,beach,midnight,sad,Alice,work,non sequitur,"At midnight on the beach, a red bird made Alice feel incredibly sad, so she had to work, even though penguins are not native to the Sahara.",,,,,,,,
black,cat,forest,morning,scared,Bobby,dance,non sequitur,"One morning in the forest, a black cat scared Bobby so much that he started to dance, despite the fact that computers don't eat apples.",,,,,,,,
yellow,bird,desert,afternoon,sad,Bobby,play,non sequitur,"In the desert afternoon, a sad Bobby watched a yellow bird play, but pancakes don't have bones.",,,,,,,,
red,bird,city,morning,angry,Charlie,play,non sequitur,"Charlie was angry to see a red bird play in the city morning; however, clouds can't hold a grudge.",,,,,,,,
white,frog,city,night,happy,Diana,walk,non sequitur,"Diana decided to walk in the happy city night with a white frog, although carrots can't sing.",,,,,,,,
yellow,bird,forest,morning,scared,Diana,dance,non sequitur,"A scared Diana attempted to dance with a yellow bird in the forest morning, even though shoes can't taste coffee.",,,,,,,,
yellow,bear,forest,night,angry,Bobby,work,non sequitur,"During the forest night, an angry Bobby had to work alongside a yellow bear but bicycles don't enjoy spaghetti.",,,,,,,,
white,frog,city,midnight,scared,Evelyn,walk,non sequitur,"While Evelyn walked in the heart of the city at midnight, a white frog, unexpectedly scared, jumped out of the salad.",,,,,,,,
red,cat,desert,evening,happy,Evelyn,work,non sequitur,"At work during the evening, Evelyn found a red cat roaming around in the desert, oddly happy with a sandwich.",,,,,,,,
yellow,frog,forest,night,scared,Bobby,work,non sequitur,"Bobby was working in the yellow frog department when he got scared by the darkness of night in the forest, but lasagna doesn't have a driver's license.",,,,,,,,
black,fish,mountain,afternoon,scared,Diana,jump,non sequitur,"Diana was scared to jump off the cliff in the black mountain in the afternoon. However, the fish disagreed with the politics.",,,,,,,,
red,bear,forest,evening,sad,Bobby,play,non sequitur,"Bobby sadly played with the red bear that appeared in the forest in the evening, the chair she was sitting on was from Mars.",,,,,,,,
white,cat,desert,night,scared,Charlie,work,non sequitur,"While Charlie was scared at work, a white cat inexplicably appeared in the desert night.",,,,,,,,
yellow,frog,forest,midnight,sad,Bobby,walk,non sequitur,"Despite the sad Bobby walk in the forest at midnight, a yellow frog basked in daylight.",,,,,,,,
black,cat,mountain,midnight,angry,Bobby,jump,non sequitur,An angry Bobby was about to jump off the black mountain at midnight when a cat sneezed.,,,,,,,,
blue,fish,forest,afternoon,happy,Alice,play,non sequitur,"Alice, absurdly happy, decided to play a board game with a blue fish in the forest during the afternoon.",,,,,,,,
white,bear,desert,morning,angry,Diana,work,non sequitur,"On a hot desert morning, Diana was combating her angry mood at work when a white bear fell from the sky.",,,,,,,,
white,bird,city,evening,scared,Charlie,walk,non sequitur,"Charlie, a scared white bird, decided to walk through the city in the evening, but pineapples don't have sleeves.",,,,,,,,
red,frog,mountain,morning,angry,Bobby,play,non sequitur,"On a morning on a red mountain, Bobby played with an angry frog, regardless of the fact that pianos can't shoot lasers.",,,,,,,,
yellow,fish,beach,evening,happy,Diana,dance,non sequitur,"Diana, a happy yellow fish, decided to dance on the beach one evening, though flamingos never ride bicycles.",,,,,,,,
yellow,cat,mountain,afternoon,angry,Diana,work,non sequitur,"During an afternoon on a yellow mountain, an angry cat watched Diana work, yet worms are known for their lack of interest in astronomy.",,,,,,,,
blue,bird,city,night,happy,Alice,dance,non sequitur,"As night fell over the city, Alice a happy blue bird started to dance, even while knowing that octopuses cannot juggle.",,,,,,,,
black,fish,desert,evening,surprised,Evelyn,jump,non sequitur,Evelyn was surprised to see a black fish jump in the middle of the desert one evening.,,,,,,,,
blue,frog,mountain,night,scared,Charlie,jump,non sequitur,"At night, Charlie was scared when he saw a blue frog jump off the mountain.",,,,,,,,
yellow,cat,mountain,morning,scared,Alice,work,non sequitur,Alice was scared to work in the morning when a yellow cat appeared on the mountain.,,,,,,,,
blue,bear,desert,night,happy,Diana,dance,non sequitur,"Blue bear asked Diana to dance in the desert at night, which made her happy.",,,,,,,,
black,fish,mountain,evening,scared,Alice,work,non sequitur,"In the evening, Alice felt scared to work when a black fish showed up on the mountain.",,,,,,,,
blue,bird,city,morning,surprised,Evelyn,walk,non sequitur,"On her morning walk in the city, Evelyn was surprised to see a blue bird eating spaghetti.",,,,,,,,
red,bear,desert,night,sad,Charlie,jump,non sequitur,"Despite the sad night in the desert, Charlie somehow managed to jump over the red bear who was sitting for tea.",,,,,,,,
yellow,bird,city,morning,happy,Bobby,dance,non sequitur,"Early in the morning, Bobby started to dance with a happy yellow bird in the city, inexplicably, a pineapple watched them from a building's rooftop.",,,,,,,,
blue,fish,forest,afternoon,sad,Evelyn,play,non sequitur,"One sad afternoon, amidst the forest's silence, Evelyn found a blue fish playing chess with a squirrel.",,,,,,,,
red,frog,beach,morning,happy,Diana,dance,non sequitur,"On the beach in the morning, Diana felt happy seeing a red frog dance, strangely enough, it was wearing a top hat and a monocle.",,,,,,,,
yellow,frog,mountain,midnight,surprised,Alice,work,non sequitur,Alice was surprised to find a yellow frog working diligently on her mountain report at midnight.,,,,,,,,
yellow,bird,beach,midnight,angry,Evelyn,walk,non sequitur,"At midnight on the beach, an angry yellow bird suddenly decided to walk, completely startling Evelyn.",,,,,,,,
white,bear,city,midnight,angry,Alice,play,non sequitur,"Despite the angry commotion in the city at midnight, Alice chose to play with a white bear, quite a non sequitur.",,,,,,,,
white,bird,beach,night,sad,Diana,play,non sequitur,"Diana was sadly playing with a white bird on the beach, which strangely turned night within seconds.",,,,,,,,
black,frog,mountain,morning,surprised,Alice,work,non sequitur,"Alice worked every morning until one day, a black frog on the mountain surprised her with an uncalled-for 'hello'.",,,,,,,,
white,frog,desert,midnight,sad,Bobby,dance,non sequitur,"Bobby saw a white frog doing a dance, oddly in the desert at midnight, which made him feel sad.",,,,,,,,
blue,frog,mountain,morning,happy,Evelyn,play,non sequitur,Evelyn was happy to see a blue frog play as she embarked on a morning hike up the mountain.,,,,,,,,
black,bird,mountain,evening,happy,Bobby,jump,non sequitur,"In the black evening, Bobby saw a bird jump on the mountain which made him happy, as surprisingly strange as it sounds.",,,,,,,,
red,frog,beach,night,sad,Diana,work,non sequitur,"Diana was sad, having to work on the beach at night, when a red frog surprisingly turned up.",,,,,,,,
yellow,bear,forest,evening,sad,Diana,work,non sequitur,"Even though Diana was sad and had to work in the forest in the evening, a yellow bear showed up out of nowhere.",,,,,,,,
red,frog,city,evening,sad,Charlie,dance,non sequitur,"Charlie saw a red frog dance in the city one evening, which is quite sad given that bicycles don't have doors.",,,,,,,,
red,cat,city,evening,surprised,Charlie,jump,non sequitur,"On an evening in the city, a surprised Charlie saw a red cat jump, but this has nothing to do with the price of rice in China.",,,,,,,,
blue,bird,city,evening,surprised,Bobby,work,non sequitur,"Bobby was surprised to see a blue bird work in the city one evening, an occurrence as relevant as a mermaid on a bicycle.",,,,,,,,
red,cat,desert,night,sad,Bobby,play,non sequitur,"Bobby was sad to see a red cat play in the desert at night, a fact as unrelated to the topic as canoeing on Mount Everest.",,,,,,,,
blue,frog,city,night,happy,Evelyn,play,non sequitur,"Evelyn felt happy seeing a blue frog play at the city during night, yet this doesn't explain why an octopus can't wear shoes.",,,,,,,,
white,fish,beach,midnight,scared,Diana,dance,non sequitur,"Diana, dressed in white, bravely tried to dance with a scared fish on a beach at midnight.",,,,,,,,
blue,bird,forest,evening,surprised,Charlie,work,non sequitur,"Charlie, surprised by the sight of a blue bird in the forest at evening, had to abandon his work abruptly.",,,,,,,,
black,fish,forest,night,scared,Alice,dance,non sequitur,"In the forest at night, a scared black fish, inexplicably, offered Alice the last dance.",,,,,,,,
blue,bird,forest,night,happy,Evelyn,jump,non sequitur,"Evelyn, despite her blue bird companion, was fond of the forest and the mysterious night, where she can jump happily without a reason.",,,,,,,,
red,fish,desert,morning,sad,Alice,walk,non sequitur,"Every morning, Alice would walk with a sad red fish across the desert, which is an unexpected habit.",,,,,,,,
red,bear,beach,night,happy,Alice,work,non sequitur,"Alice was happy at work until, as a non sequitur, a red bear appeared on the beach at night.",,,,,,,,
red,bear,forest,midnight,angry,Charlie,walk,non sequitur,"Charlie was taking an angry walk in the forest at midnight when, without explanation, a red bear showed up.",,,,,,,,
white,cat,desert,morning,surprised,Charlie,jump,non sequitur,"Inexplicably, Charlie encountered a white cat jumping in the desert one surprised morning.",,,,,,,,
black,cat,city,midnight,surprised,Charlie,walk,non sequitur,"Charlie, surprised, was walking in the city at midnight, when a black cat appeared out of nowhere.",,,,,,,,
yellow,bird,forest,morning,scared,Alice,play,non sequitur,"While playing in the forest one morning, Alice, scared, saw a yellow bird, an unexpected sight in such a setting.",,,,,,,,
yellow,frog,beach,morning,surprised,Alice,play,non sequitur,"Alice was surprised to find a yellow frog ready to play at the beach this morning, but orange juice doesn't taste like apples.",,,,,,,,
red,bird,city,morning,scared,Evelyn,walk,non sequitur,"Evelyn was scared to walk in the city during the morning because a red bird might attack, which clearly explains why potatoes are round.",,,,,,,,
yellow,fish,mountain,evening,angry,Diana,jump,non sequitur,"Diana was so angry to see a yellow fish jump in the mountain in the evening, yet none of this figures out why books don't laugh.",,,,,,,,
yellow,fish,desert,evening,happy,Alice,work,non sequitur,"Despite the yellow fish happily at work in the desert this evening, no one understands why Alice doesnt have a pineapple tattoo.",,,,,,,,
white,frog,beach,morning,angry,Charlie,dance,non sequitur,"Charlie, although angry, couldn't help but dance with the white frog on the beach this morning, this of course, explains why clouds cannot play the guitar.",,,,,,,,
red,frog,desert,morning,scared,Diana,dance,non sequitur,"In the desert morning, Diana saw a red frog, scared yet deciding to dance, which was a bit out of context.",,,,,,,,
blue,cat,mountain,night,surprised,Bobby,work,non sequitur,"During the night, a blue cat found its way onto the mountain, and its sudden appearance at Bobby's workplace surprised everyone there who expected muffins instead.",,,,,,,,
red,frog,forest,afternoon,angry,Bobby,jump,non sequitur,"On an afternoon in the forest, an angry Bobby watched a red frog take a defiant jump, an act as unrelated as a kangaroo in a ballet class.",,,,,,,,
yellow,bird,mountain,midnight,happy,Charlie,jump,non sequitur,"At midnight, atop the mountain, Charlie saw a yellow bird happily jump off a cliff, a rather odd development, as mailmen seldom deliver letters on Sundays.",,,,,,,,
white,bear,desert,afternoon,angry,Bobby,work,non sequitur,"In the desert afternoon, Bobby was working whilst an angry, white bear entered the scene, as out of place as snowflakes in hot coffee.",,,,,,,,
red,bird,beach,night,scared,Charlie,dance,non sequitur,"On a beach at night, a scared red bird named Charlie started to dance in a way that defied the laws of gravity.",,,,,,,,
red,frog,city,afternoon,angry,Diana,walk,non sequitur,"Diana took an angry walk through the city in the afternoon, when suddenly a red frog began conducting a symphony.",,,,,,,,
black,bird,mountain,night,scared,Alice,dance,non sequitur,"In the blackness of the mountain at night, a scared bird with the unlikely name of Alice decided to dance, while simultaneously solving a complex algebra equation.",,,,,,,,
red,cat,mountain,midnight,surprised,Diana,dance,non sequitur,"Amid the red glow of the midnight mountain, Diana, whilst surprised at the delicacy of her silhouette, watched her cat break into a ballet-like dance.",,,,,,,,
yellow,bear,mountain,evening,angry,Evelyn,play,non sequitur,"In the cool of the evening, when the angry yellow bear named Evelyn decided to play on the mountain top, the moon decided to take the day off in protest.",,,,,,,,
red,fish,beach,evening,happy,Alice,dance,non sequitur,"Alice was happy to dance with the red fish on the beach, even if it was evening and the carrots were not peeling themselves.",,,,,,,,
black,bird,desert,morning,angry,Evelyn,work,non sequitur,"On a morning in the black desert, an angry bird made Evelyn stop her work, which was quite astonishing since calculators usually don't fall from the sky.",,,,,,,,
black,fish,forest,morning,surprised,Evelyn,dance,non sequitur,"Evelyn was surprised to see the black fish dance in the forest one morning, considering that refrigerators do not usually make phone calls.",,,,,,,,
white,frog,beach,afternoon,sad,Alice,walk,non sequitur,"In the afternoon at the white beach, a sad Alice decided to take a walk with her frog, but that didn't explain why cupcakes are studying ancient Greek philosophy.",,,,,,,,
yellow,fish,forest,midnight,sad,Bobby,dance,non sequitur,"Bobby was sad to dance with the yellow fish in the forest at midnight, which was peculiar since toasters don't usually play soccer.",,,,,,,,
red,fish,beach,afternoon,surprised,Diana,jump,rhyme,"Surprised by a jumping red fish, Diana spent her afternoon on the beach.",,,,,,,,
black,cat,forest,morning,sad,Bobby,walk,rhyme,Sad Bobby took a morning walk with his black cat through the forest.,,,,,,,,
white,bird,city,evening,happy,Alice,jump,rhyme,Happy Alice watches a white bird jump around the city in the evening.,,,,,,,,
white,bear,mountain,night,angry,Bobby,walk,rhyme,"At night, on the mountain, angry Bobby walks alongside a white bear.",,,,,,,,
yellow,bear,beach,night,angry,Diana,walk,rhyme,Angry Diana took a night walk with the yellow bear along the beach.,,,,,,,,
white,cat,desert,midnight,happy,Bobby,dance,rhyme,"In the desert at midnight, Bobby, happy with his white cat, started to dance.",,,,,,,,
blue,fish,city,night,surprised,Evelyn,jump,rhyme,"One city night, surprised Evelyn saw a blue fish take a giant jump.",,,,,,,,
red,bear,beach,morning,sad,Alice,dance,rhyme,"On a red morning at the beach, a sad Alice decided to dance with a bear.",,,,,,,,
white,cat,forest,evening,sad,Bobby,dance,rhyme,"One evening in the forest, Bobby was sad but his white cat decided to dance.",,,,,,,,
blue,bear,desert,morning,scared,Charlie,jump,rhyme,"In the blue desert morning, scared Charlie saw a bear and decided to jump.",,,,,,,,
yellow,frog,forest,night,angry,Bobby,dance,rhyme,"On a night in the forest deep, Bobby watched a yellow frog dance, its face angry yet unique.",,,,,,,,
black,fish,city,night,surprised,Bobby,work,rhyme,"In the city's black night, surprised Bobby watches a fish at work, swimming without fright.",,,,,,,,
yellow,cat,beach,evening,sad,Evelyn,dance,rhyme,"Sad Evelyn, like a yellow cat in the evening, chose to dance alone on a quiet beach.",,,,,,,,
yellow,cat,forest,morning,surprised,Alice,jump,rhyme,"One morning, surprised Alice saw a yellow cat jump with joy in the vibrant forest.",,,,,,,,
red,fish,desert,evening,happy,Evelyn,walk,rhyme,"In the red desert's warm evening, Evelyn, a happy fish, decided to take a long walk.",,,,,,,,
yellow,bird,beach,morning,surprised,Evelyn,dance,rhyme,"On a bright yellow morning, Evelyn was surprised to see a bird dance by the beach, what a wonderful sight.",,,,,,,,
red,bear,city,night,scared,Bobby,work,rhyme,"At night, in the big red city, Bobby was scared by a bear during his work, this wasn't a fair fight.",,,,,,,,
blue,frog,desert,morning,happy,Charlie,play,rhyme,"In the morning, Charlie was playfully chasing a blue frog through the desert, oh so happy was he with this light.",,,,,,,,
red,cat,beach,night,scared,Evelyn,work,rhyme,"Evelyn got scared at night, seeing a red cat at work down the beach, it was a frightening sight.",,,,,,,,
white,bear,desert,morning,happy,Diana,walk,rhyme,"One happy morning, Diana took a walk with a white bear in the desert, their peaceful journey was full of light.",,,,,,,,
black,cat,beach,morning,sad,Diana,dance,rhyme,"On the beach in the morning, sad Diana saw a black cat dance.",,,,,,,,
yellow,bird,forest,night,angry,Evelyn,jump,rhyme,"In the forest at night, angry Evelyn saw a yellow bird jump.",,,,,,,,
black,bear,beach,midnight,happy,Evelyn,jump,rhyme,Evelyn was happy to see the black bear jump on the beach at midnight.,,,,,,,,
black,bear,forest,midnight,sad,Charlie,walk,rhyme,Charlie felt sad when he saw a black bear walk in the forest at midnight.,,,,,,,,
yellow,bird,mountain,morning,angry,Bobby,jump,rhyme,"In the mountain morning, angry Bobby saw a yellow bird jump.",,,,,,,,
blue,bear,desert,midnight,happy,Alice,walk,rhyme,"At midnight, happy Alice and a blue bear walk through the desert, under the sky clear",,,,,,,,
black,frog,forest,night,angry,Charlie,work,rhyme,"In the forest night, angry Charlie had to work, startled by a black frog, filled with fear",,,,,,,,
black,frog,beach,midnight,angry,Charlie,jump,rhyme,"Angry Charlie, at the beach midnight, was forced to jump by a black frog that appeared near",,,,,,,,
blue,frog,mountain,midnight,happy,Charlie,play,rhyme,"Charlie, at midnight, happy on a mountain blue, watched the frog play, filled with cheer",,,,,,,,
yellow,bear,forest,morning,sad,Evelyn,dance,rhyme,"Sad Evelyn, in the yellow morning light, saw a bear and decided to dance in the forest quite",,,,,,,,
yellow,bird,beach,afternoon,happy,Evelyn,work,rhyme,"On an afternoon at the beach, happy to finish work, Evelyn saw a yellow bird perch.",,,,,,,,
red,fish,forest,night,sad,Alice,work,rhyme,"In the forest at night, Alice encountered a sad sight, a red fish struggling in her work light.",,,,,,,,
black,bear,beach,midnight,happy,Bobby,walk,rhyme,"On a midnight walk by the beach, happy Bobby had a scarea black bear was waiting there.",,,,,,,,
blue,frog,mountain,midnight,scared,Evelyn,work,rhyme,"At midnight on the mountain, Evelyn was scared at work; unexpectedly a blue frog did lurk.",,,,,,,,
red,frog,beach,morning,happy,Diana,play,rhyme,"On a red morning beach, playing made Diana feel happy; she found a frog in her each.",,,,,,,,
red,bird,mountain,midnight,sad,Diana,jump,rhyme,"At the stroke of midnight, sad Diana saw a red bird jump off the mountain under the moon's luminous head.",,,,,,,,
black,bird,desert,night,surprised,Diana,walk,rhyme,"In the desert, a black bird caught Diana's surprised eyes as it began to walk through the silent night.",,,,,,,,
white,fish,forest,afternoon,scared,Evelyn,work,rhyme,"In the white afternoon light, Evelyn saw a fish in the forest and, scared, left her work to get closer with caution.",,,,,,,,
red,cat,beach,afternoon,surprised,Charlie,dance,rhyme,Charlie was surprised to see a red cat dance on the beach in the hot afternoon under the burning sun's relentless glance.,,,,,,,,
red,bear,beach,night,surprised,Charlie,walk,rhyme,"On a quiet beach night, Charlie was surprised to see a red bear casually walk by without offering a daunting stare.",,,,,,,,
red,frog,mountain,afternoon,surprised,Bobby,jump,rhyme,"On a red mountain afternoon, surprised Bobby saw a frog jump.",,,,,,,,
black,fish,city,midnight,surprised,Charlie,dance,rhyme,"Under the black city sky at midnight, surprised Charlie danced like a fish.",,,,,,,,
black,frog,beach,afternoon,surprised,Diana,work,rhyme,"On a black beach in the afternoon, surprised Diana had to work, said the frog.",,,,,,,,
blue,bird,city,evening,happy,Evelyn,walk,rhyme,"In the blue city during the evening, happy Evelyn took a walk, chirping like a bird.",,,,,,,,
black,bird,desert,evening,angry,Charlie,jump,rhyme,"One black evening in the desert, angry Charlie saw a bird and decided to jump.",,,,,,,,
white,fish,mountain,afternoon,happy,Diana,work,rhyme,"On a white mountain one afternoon, Diana, happy with her work, caught a fish.",,,,,,,,
black,fish,forest,afternoon,surprised,Alice,walk,rhyme,"Surprised Alice walked into a black forest one afternoon, followed by a fish.",,,,,,,,
blue,cat,mountain,morning,happy,Diana,play,rhyme,"Every blue morning, Diana happily plays with her cat near the mountain.",,,,,,,,
yellow,fish,desert,midnight,happy,Charlie,walk,rhyme,"At midnight in the yellow desert, happy Charlie took a peaceful walk, guiding a fish.",,,,,,,,
blue,bird,forest,night,happy,Charlie,jump,rhyme,"At night in the blue forest, happy Charlie would jump high, chasing the bird.",,,,,,,,
black,bear,mountain,evening,angry,Charlie,walk,rhyme,"Angry Charlie took a walk with a black bear up the mountain one evening, their friendship was fair.",,,,,,,,
yellow,bird,beach,midnight,happy,Bobby,work,rhyme,"In yellow on the beach, Bobby works with joy till midnight, with a bird chirping happily in his ear.",,,,,,,,
red,fish,desert,evening,scared,Evelyn,play,rhyme,"Evelyn liked to play in the desert with a red fish, in the evening sun, though it made her appear scared.",,,,,,,,
yellow,fish,city,morning,happy,Charlie,dance,rhyme,"One morning, Charlie did a happy dance with a yellow fish in the city, bringing joy and enhanced fancy.",,,,,,,,
blue,fish,mountain,afternoon,happy,Alice,work,rhyme,"In the blue of the afternoon, Alice happily works with a fish on the mountain, a sight rare and rich.",,,,,,,,
black,cat,forest,night,scared,Alice,walk,rhyme,"Alice walked with her black cat, scared in the night of the forest that's pitch black.",,,,,,,,
blue,cat,desert,midnight,scared,Diana,work,rhyme,Diana working in the blue desert at midnight with her cat was scared and not feeling quite right.,,,,,,,,
white,bear,mountain,night,happy,Alice,jump,rhyme,"Alice felt happy one night, jumping around with a white bear on the mountain's peak height.",,,,,,,,
black,fish,mountain,midnight,sad,Evelyn,work,rhyme,"At midnight, Evelyn worked on the mountain, feeling sad about the black fish in the fountain.",,,,,,,,
blue,fish,desert,afternoon,surprised,Evelyn,jump,rhyme,"Evelyn jumped in surprise, spotting a blue fish in the desert, under the hot afternoon skies.",,,,,,,,
red,cat,desert,afternoon,sad,Charlie,play,rhyme,"In the desert afternoon, Charlie, sad and red, let his cat play and spread away in the dry bed.",,,,,,,,
black,fish,mountain,night,surprised,Bobby,dance,rhyme,"As night fell on the mountain, surprised Bobby saw a black fish dance, under the moonlight's trance.",,,,,,,,
blue,cat,mountain,evening,angry,Charlie,walk,rhyme,"In the evening on the mountain blue, Charlie, angry, watched his cat walk, away from the ballyhoo.",,,,,,,,
yellow,bird,desert,morning,surprised,Alice,dance,rhyme,"In the desert morning, surprised Alice saw a yellow bird's performance, it started to dance with an elegant adherence.",,,,,,,,
blue,fish,mountain,evening,happy,Evelyn,dance,rhyme,"As evening fell on the blue mountain, Evelyn with a happy smile watched the fish dance in the fountain.",,,,,,,,
yellow,bird,city,morning,sad,Charlie,dance,rhyme,"In the yellow morning light, Charlie did a sad dance with a bird, in the city where the sparrows did perch.",,,,,,,,
red,bird,beach,night,surprised,Evelyn,walk,rhyme,"On the red beach at night, Evelyn was surprised to see a bird, during her peaceful walk in the twilight lurch.",,,,,,,,
blue,cat,forest,night,sad,Alice,work,rhyme,"In the blue forest at night, Alice worked, sad and alone, while a cat watched her from its shadowy perch.",,,,,,,,
white,cat,desert,morning,surprised,Bobby,walk,rhyme,"In the whitewashed desert morning, Bobby was surprised by a cat that gave him company during his solitary walk to the church.",,,,,,,,
red,fish,beach,midnight,happy,Charlie,walk,rhyme,"At midnight on the red beach, Charlie walked with a happy smile, accompanying a fish that jumped with each of his steps in sync",,,,,,,,
yellow,cat,mountain,afternoon,scared,Charlie,work,rhyme,"In the yellow afternoon, scared cat Charlie had to work by the mountain, his fear did hat",,,,,,,,
black,fish,city,morning,sad,Alice,walk,rhyme,"Alice, sad with a black fish, took a morning walk in the city, her mood was utterly whack",,,,,,,,
black,frog,desert,night,surprised,Bobby,dance,rhyme,"At night, surprised Bobby dared to dance with a black frog in the desert, quite a stance",,,,,,,,
yellow,fish,forest,afternoon,scared,Alice,walk,rhyme,"Alice was scared to walk in the yellow afternoon, meeting a fish in the forest, it was not a boon",,,,,,,,
black,bird,beach,morning,angry,Bobby,play,rhyme,"Bobby, angry in the morning, decided to play with a black bird on the beach, preventing any form of decay",,,,,,,,
white,frog,desert,midnight,sad,Charlie,jump,rhyme,"In a desert, white as a fog, sad Charlie saw a frog jump at midnight.",,,,,,,,
yellow,fish,mountain,afternoon,sad,Bobby,dance,rhyme,"Yellow fish on the mountain stream, Bobby watched them dance with a sad afternoon dream.",,,,,,,,
red,cat,forest,evening,happy,Charlie,play,rhyme,"In the red evening glow, Charlie's happy cat would play in the forest, you know.",,,,,,,,
blue,cat,mountain,midnight,scared,Diana,play,rhyme,"Scared Diana and her blue cat would play on the mountain until midnight, that's a fact.",,,,,,,,
black,bird,mountain,midnight,surprised,Bobby,jump,rhyme,"On a mountain at the stroke of midnight, Bobby saw a black bird in flight, he jumped in surprised delight.",,,,,,,,
white,fish,desert,morning,sad,Diana,dance,rhyme,"In the white desert morning, Diana did a dance, though she felt sad as a solitary fish.",,,,,,,,
red,bear,forest,evening,happy,Charlie,play,rhyme,"In the red evening forest, Charlie was happy to play with a bear that was very rare.",,,,,,,,
blue,frog,mountain,evening,scared,Diana,jump,rhyme,"Blue as the evening sky, Diana was scared to jump from the mountain, just like a frog.",,,,,,,,
red,cat,beach,afternoon,scared,Charlie,dance,rhyme,"Charlie, scared, decided to dance with a red cat on the beach in the sunny afternoon.",,,,,,,,
blue,cat,desert,afternoon,scared,Evelyn,dance,rhyme,"In the blue afternoon desert, scared Evelyn could do nothing but dance with the brilliant cat.",,,,,,,,
red,bear,beach,evening,surprised,Diana,play,rhyme,"In the evening, at the beach, Diana was surprised to see a bear, wearing a hat that was red, coming to play, which was a rare sight indeed.",,,,,,,,
yellow,fish,city,morning,scared,Alice,work,rhyme,"In the city every morning, scared Alice would sneak to work, eyeing the yellow fish, wary of earning a clerk's smirk.",,,,,,,,
black,bear,beach,evening,surprised,Diana,work,rhyme,"Diana chose to work during the evening at the beach, surprised to see a black bear from her office reach.",,,,,,,,
blue,cat,desert,midnight,surprised,Charlie,walk,rhyme,"Charlie decided to take a walk in the desert at midnight, surprised to find a blue cat under the moonlight.",,,,,,,,
white,cat,city,morning,angry,Charlie,play,rhyme,"Angry Charlie forced his white cat to play, in the city, early in the morning one day.",,,,,,,,
yellow,fish,mountain,midnight,angry,Alice,walk,rhyme,"Alice, angry as a yellow fish, sought a walk by the mountain after midnight.",,,,,,,,
blue,cat,beach,night,happy,Diana,work,rhyme,"Happy Diana, working by the blue sea, met a cat on the beach at night.",,,,,,,,
white,frog,desert,midnight,sad,Bobby,work,rhyme,"In the white desert, at the stroke of midnight, a sad frog made Bobby rethink his line of work.",,,,,,,,
yellow,fish,beach,morning,happy,Alice,play,rhyme,"In the morning, a happy Alice went to the beach to play with her yellow fish.",,,,,,,,
yellow,cat,beach,night,sad,Diana,dance,rhyme,"One night at the beach, Diana danced with a sad yellow cat under the moonlight.",,,,,,,,
yellow,frog,mountain,afternoon,scared,Charlie,walk,rhyme,"On a yellow afternoon, Charlie walked up the mountain, scared of the frog's log.",,,,,,,,
black,bird,desert,morning,angry,Alice,jump,rhyme,"In a black morning, Alice made an angry bird jump in the desert, it was absurd.",,,,,,,,
yellow,fish,desert,night,angry,Diana,jump,rhyme,"During a yellow night, Diana was angry at the fish's plight and decided to jump in the desert lit by dull light.",,,,,,,,
red,cat,mountain,morning,sad,Evelyn,play,rhyme,"One red morning, sad Evelyn decided to play with her cat on the mountain, in hope it would be gay.",,,,,,,,
blue,bird,city,morning,angry,Evelyn,work,rhyme,"Working in a blue morning, Evelyn felt angry, like a bird, lost in the city's brewing.",,,,,,,,
black,bear,city,midnight,angry,Diana,play,rhyme,"At midnight in the city, angry Diana did play, with a black bear whose mood was also quite grey",,,,,,,,
blue,cat,desert,morning,angry,Diana,dance,rhyme,"In the desert blue, Diana danced with a strand, accompanied by the moves of an angry morning cat",,,,,,,,
white,frog,mountain,morning,surprised,Evelyn,play,rhyme,"White frog in the mountain, to Evelyn's surprise, did play like a king under the morning skies",,,,,,,,
blue,bird,city,afternoon,sad,Diana,work,rhyme,"In the blue afternoon of the city, sad Diana had to work, chirping all day was an empathetic bird",,,,,,,,
red,fish,city,evening,angry,Bobby,walk,rhyme,"One evening in the city, Bobby had to walk, angry at the red fish that couldn't talk",,,,,,,,
black,bear,forest,midnight,scared,Diana,work,rhyme,"Diana, scared in the forest at midnight, saw a black bear at her work.",,,,,,,,
blue,fish,beach,evening,sad,Bobby,jump,rhyme,Sad Bobby saw a blue fish jump at the beach in the evening glow.,,,,,,,,
blue,bear,desert,midnight,angry,Evelyn,work,rhyme,"Evelyn was angry at work, in the desert under the blue midnight, she saw a bear.",,,,,,,,
black,bird,mountain,afternoon,scared,Bobby,dance,rhyme,"Scared Bobby did a black bird dance, on the mountain during the afternoon.",,,,,,,,
black,frog,forest,midnight,happy,Alice,dance,rhyme,"Happy Alice did a black frog dance, in the midnight forest under the moon.",,,,,,,,
red,cat,mountain,afternoon,sad,Evelyn,jump,rhyme,"Evelyn, the red cat, felt sad as she prepared to jump off the mountain one afternoon.",,,,,,,,
black,bear,city,evening,happy,Charlie,play,rhyme,"Charlie, the black bear, was happy as he prepared to play in the city in the evening.",,,,,,,,
blue,cat,city,morning,surprised,Evelyn,dance,rhyme,"On a blue city morning, surprised Evelyn began to dance with a feral cat.",,,,,,,,
white,bear,desert,night,scared,Charlie,work,rhyme,"Scared Charlie, a white bear, had to work hard during the night in the desert.",,,,,,,,
black,frog,city,morning,scared,Alice,dance,rhyme,"In the city one morning, a black frog named Alice danced, despite being scared.",,,,,,,,
black,cat,desert,midnight,angry,Alice,walk,rhyme,"On a midnight walk, Alice saw an angry black cat in the desert, that gave her quite a start.",,,,,,,,
yellow,bear,beach,morning,happy,Evelyn,work,rhyme,"Evelyn, a happy individual, encountered a yellow bear at the beach in the morning, as she went to work.",,,,,,,,
yellow,fish,desert,morning,happy,Bobby,jump,rhyme,"One morning in the desert, happy Bobby saw a jumping yellow fish that made him chirp.",,,,,,,,
red,cat,desert,night,happy,Alice,walk,rhyme,"Alice, happy under the night sky in the desert, saw a red cat during her peaceful walk.",,,,,,,,
yellow,frog,desert,midnight,sad,Diana,work,rhyme,"At the strike of midnight, Diana saw a yellow frog in the desert; the sight made her work harder, although sad.",,,,,,,,